timestamp,total_power_consumption_kw,total_carbon_emissions_kg,cpu_utilization_pct,memory_utilization_pct,cooling_efficiency_cop,pue_power_usage_effectiveness,renewable_energy_used_pct,workloads_completed,avg_response_time_ms
2024-01-01 00:00:00,1026.51,430.24,41.3,73.2,3.68,1.44,65.8,119,370.6
2024-01-01 01:00:00,973.66,379.81,75.3,58.4,3.07,1.44,24.4,77,106.0
2024-01-01 02:00:00,992.77,427.79,70.2,69.0,2.72,1.31,51.7,123,234.7
2024-01-01 03:00:00,1169.53,336.06,77.9,72.2,3.1,1.29,55.3,148,224.3
2024-01-01 04:00:00,1003.61,487.81,41.8,46.0,3.94,1.49,33.4,50,367.1
2024-01-01 05:00:00,1005.56,480.12,80.8,58.6,4.0,1.27,78.8,99,301.6
2024-01-01 06:00:00,830.02,500.49,76.6,56.7,3.95,1.71,22.9,58,250.1
2024-01-01 07:00:00,822.39,494.49,43.6,67.0,2.61,1.64,23.3,102,409.5
2024-01-01 08:00:00,1145.16,456.54,79.2,78.2,3.46,1.58,23.0,97,188.2
2024-01-01 09:00:00,911.92,305.05,62.3,60.5,2.92,1.3,62.9,107,454.2
2024-01-01 10:00:00,1090.41,528.89,58.5,49.6,2.71,1.21,67.9,145,449.0
2024-01-01 11:00:00,1090.0,547.8,81.5,77.3,3.97,1.54,75.9,58,407.6
2024-01-01 12:00:00,905.42,419.18,63.6,63.7,2.6,1.32,32.2,79,135.7
2024-01-01 13:00:00,853.07,579.42,56.1,77.6,2.8,1.75,44.1,109,317.9
2024-01-01 14:00:00,831.66,303.19,78.2,76.5,2.75,1.26,56.2,50,251.9
2024-01-01 15:00:00,887.55,426.57,77.1,79.3,2.98,1.48,52.8,94,250.4
2024-01-01 16:00:00,876.15,434.25,80.1,64.1,2.96,1.56,63.6,71,445.8
2024-01-01 17:00:00,929.21,342.26,57.8,62.9,3.96,1.26,36.5,56,194.6
2024-01-01 18:00:00,881.96,375.04,44.6,61.5,2.66,1.29,47.8,113,366.9
2024-01-01 19:00:00,868.13,355.99,40.6,50.7,2.64,1.49,69.2,118,430.9
2024-01-01 20:00:00,840.94,358.02,63.4,79.1,2.76,1.53,64.1,112,413.8
2024-01-01 21:00:00,1074.71,431.38,74.1,75.3,2.85,1.69,34.6,64,439.2
2024-01-01 22:00:00,870.89,504.46,54.3,46.0,2.84,1.65,77.6,52,297.1
2024-01-01 23:00:00,1081.13,463.38,68.6,59.1,3.89,1.27,48.7,57,261.1
2024-01-02 00:00:00,1175.28,370.78,58.2,72.3,2.72,1.68,41.9,50,250.4
2024-01-02 01:00:00,857.45,497.67,47.7,52.8,3.02,1.6,25.2,100,371.5
2024-01-02 02:00:00,1063.82,304.45,55.1,79.6,3.91,1.61,44.3,69,393.0
2024-01-02 03:00:00,1009.13,531.03,47.8,79.4,2.71,1.54,78.1,146,337.7
2024-01-02 04:00:00,815.77,477.19,74.8,54.4,3.14,1.57,37.3,119,447.2
2024-01-02 05:00:00,1181.23,338.06,81.3,74.8,3.7,1.77,61.5,79,364.9
2024-01-02 06:00:00,1016.91,592.5,66.9,69.2,3.26,1.38,27.8,127,235.1
2024-01-02 07:00:00,1094.17,453.66,68.3,67.7,2.93,1.47,52.7,108,485.0
2024-01-02 08:00:00,1100.47,310.74,69.5,48.2,3.89,1.34,52.6,107,256.2
2024-01-02 09:00:00,878.4,530.73,69.6,45.9,3.42,1.36,66.8,128,125.4
2024-01-02 10:00:00,1051.13,592.01,62.3,63.6,3.08,1.29,57.4,105,302.3
2024-01-02 11:00:00,1087.42,346.17,77.5,56.2,3.37,1.5,65.0,132,312.9
2024-01-02 12:00:00,1072.63,300.2,69.0,68.9,3.69,1.42,61.7,53,365.4
2024-01-02 13:00:00,1147.12,526.67,57.6,70.5,3.0,1.47,22.3,136,149.9
2024-01-02 14:00:00,911.84,462.53,75.0,57.0,3.06,1.35,76.1,100,284.3
2024-01-02 15:00:00,957.63,342.11,77.2,66.4,2.78,1.35,77.1,137,313.1
2024-01-02 16:00:00,1030.42,380.78,57.6,75.3,3.8,1.32,77.6,123,473.8
2024-01-02 17:00:00,936.07,349.33,43.6,68.8,2.99,1.52,40.3,111,171.2
2024-01-02 18:00:00,1178.01,416.72,83.6,51.0,3.92,1.33,61.7,93,311.9
2024-01-02 19:00:00,1112.67,411.02,50.1,79.7,3.26,1.54,43.5,96,110.3
2024-01-02 20:00:00,1058.33,455.68,83.0,78.2,3.34,1.21,39.2,112,409.2
2024-01-02 21:00:00,914.92,378.51,40.3,55.7,3.43,1.73,73.6,123,129.8
2024-01-02 22:00:00,1132.96,574.16,67.0,50.8,2.8,1.7,40.0,80,207.7
2024-01-02 23:00:00,815.08,551.57,49.5,55.8,2.99,1.47,39.6,91,180.9
2024-01-03 00:00:00,886.64,352.05,67.9,52.5,3.13,1.64,77.0,62,195.3
2024-01-03 01:00:00,970.5,555.47,42.1,78.6,2.9,1.71,61.8,132,421.0
2024-01-03 02:00:00,913.39,530.93,43.9,72.2,2.77,1.43,51.8,65,378.4
2024-01-03 03:00:00,1009.49,468.45,67.2,74.2,3.64,1.2,41.7,80,437.9
2024-01-03 04:00:00,1010.71,556.94,55.7,50.7,2.71,1.4,68.5,149,271.3
2024-01-03 05:00:00,823.35,397.34,74.8,62.7,3.69,1.47,46.5,88,445.0
2024-01-03 06:00:00,855.29,511.83,63.0,79.4,3.84,1.37,57.9,143,335.3
2024-01-03 07:00:00,1185.81,538.98,54.3,69.9,3.42,1.31,27.7,128,464.2
2024-01-03 08:00:00,1187.05,543.73,59.3,56.6,2.7,1.71,72.9,55,162.4
2024-01-03 09:00:00,922.74,491.75,66.4,75.7,2.61,1.34,58.6,64,419.7
2024-01-03 10:00:00,1147.39,320.77,40.3,56.9,2.55,1.32,58.0,121,395.3
2024-01-03 11:00:00,1072.8,385.17,52.8,63.2,3.43,1.43,57.2,141,296.3
2024-01-03 12:00:00,999.83,555.1,84.6,52.8,3.17,1.58,46.5,87,357.3
2024-01-03 13:00:00,859.88,301.91,56.5,63.0,3.61,1.3,42.1,76,479.9
2024-01-03 14:00:00,827.84,365.53,76.6,69.8,3.71,1.26,28.0,58,150.5
2024-01-03 15:00:00,1042.63,563.6,69.0,66.9,3.44,1.24,64.3,61,307.8
2024-01-03 16:00:00,966.15,446.86,49.2,64.3,3.02,1.52,66.0,101,307.5
2024-01-03 17:00:00,834.84,436.81,75.4,76.5,3.22,1.39,64.8,96,324.8
2024-01-03 18:00:00,906.25,340.7,47.0,65.0,2.55,1.29,25.4,149,442.0
2024-01-03 19:00:00,1096.76,414.72,69.6,53.4,2.65,1.23,72.1,141,275.8
2024-01-03 20:00:00,848.37,440.63,42.8,69.1,2.8,1.67,63.7,122,362.2
2024-01-03 21:00:00,1186.65,587.01,81.7,56.4,2.76,1.55,54.0,128,185.6
2024-01-03 22:00:00,964.78,351.36,44.5,59.9,2.99,1.71,24.5,88,194.5
2024-01-03 23:00:00,1020.26,370.94,47.5,67.9,3.55,1.35,54.7,119,181.3
2024-01-04 00:00:00,1022.38,392.42,58.8,62.1,3.47,1.64,73.0,78,164.6
2024-01-04 01:00:00,957.23,374.14,40.9,56.6,3.8,1.55,77.2,113,344.5
2024-01-04 02:00:00,1090.01,354.14,60.1,73.9,3.79,1.46,31.2,72,276.1
2024-01-04 03:00:00,864.84,399.33,70.0,65.9,3.64,1.75,63.1,77,296.1
2024-01-04 04:00:00,1158.15,398.06,66.1,64.5,3.87,1.35,29.0,136,401.1
2024-01-04 05:00:00,839.42,537.97,57.9,72.7,3.79,1.53,30.4,55,206.1
2024-01-04 06:00:00,1021.68,481.97,82.3,76.0,3.28,1.5,54.1,94,373.4
2024-01-04 07:00:00,1077.33,516.61,79.5,68.4,3.04,1.34,52.1,57,419.5
2024-01-04 08:00:00,1169.02,537.1,76.6,46.4,2.53,1.79,34.2,99,358.2
2024-01-04 09:00:00,1125.87,556.56,65.8,48.8,2.6,1.7,29.8,76,448.8
2024-01-04 10:00:00,1028.21,578.56,44.2,72.3,3.46,1.3,75.6,125,399.7
2024-01-04 11:00:00,1065.6,327.74,48.9,54.7,3.8,1.51,23.4,75,464.7
2024-01-04 12:00:00,1030.62,597.65,43.7,69.0,3.25,1.57,26.9,100,119.4
2024-01-04 13:00:00,860.37,345.54,49.3,49.1,3.53,1.62,47.6,109,401.1
2024-01-04 14:00:00,855.85,334.55,74.7,68.6,2.67,1.43,26.3,73,116.7
2024-01-04 15:00:00,1047.0,309.58,46.1,57.0,3.61,1.52,46.3,81,179.2
2024-01-04 16:00:00,1049.19,518.9,41.7,65.0,3.15,1.4,52.2,134,171.5
2024-01-04 17:00:00,1060.25,499.54,53.6,63.2,2.72,1.67,30.6,61,213.8
2024-01-04 18:00:00,1115.93,504.91,68.1,49.9,3.01,1.21,59.9,67,160.1
2024-01-04 19:00:00,914.69,338.64,77.8,65.7,3.55,1.42,78.1,142,252.2
2024-01-04 20:00:00,1116.39,543.14,73.1,45.0,3.9,1.63,54.1,94,151.3
2024-01-04 21:00:00,1077.82,448.97,40.8,48.4,3.95,1.27,36.5,104,474.1
2024-01-04 22:00:00,1019.88,461.89,57.4,71.7,2.7,1.71,35.6,59,455.2
2024-01-04 23:00:00,1111.41,307.69,84.6,77.6,3.13,1.42,29.7,79,323.0
2024-01-05 00:00:00,911.17,349.91,67.9,60.5,3.58,1.25,45.6,125,109.0
2024-01-05 01:00:00,891.28,337.94,52.7,67.8,3.85,1.41,35.7,70,431.1
2024-01-05 02:00:00,1073.78,492.61,50.0,69.9,2.93,1.35,27.5,128,245.3
2024-01-05 03:00:00,1162.04,586.98,65.4,71.9,3.18,1.45,67.2,129,126.0
2024-01-05 04:00:00,977.12,503.12,84.9,58.0,3.14,1.3,34.8,111,436.6
2024-01-05 05:00:00,854.74,543.03,60.8,45.1,2.57,1.24,27.1,150,305.7
2024-01-05 06:00:00,815.49,307.99,81.0,72.7,3.33,1.26,43.9,147,477.3
2024-01-05 07:00:00,995.59,427.14,41.9,45.5,2.65,1.64,42.0,63,159.3
2024-01-05 08:00:00,812.19,515.94,83.8,69.7,3.2,1.32,22.5,107,140.7
2024-01-05 09:00:00,821.55,513.79,54.9,78.9,3.72,1.37,78.2,85,296.8
2024-01-05 10:00:00,879.8,420.19,45.1,51.9,2.53,1.46,40.9,117,370.5
2024-01-05 11:00:00,978.73,511.02,66.8,62.4,2.81,1.54,40.0,135,421.5
2024-01-05 12:00:00,1110.8,482.09,47.0,73.3,3.91,1.75,70.3,100,274.7
2024-01-05 13:00:00,859.57,405.97,42.9,53.4,2.71,1.71,21.1,57,491.9
2024-01-05 14:00:00,961.19,427.67,54.0,56.6,3.38,1.65,67.7,56,278.8
2024-01-05 15:00:00,994.26,440.21,81.1,46.3,3.62,1.36,34.2,148,476.6
2024-01-05 16:00:00,827.18,514.47,74.1,75.0,3.45,1.36,20.2,81,367.1
2024-01-05 17:00:00,1083.09,395.0,47.7,53.9,3.41,1.22,55.4,132,432.1
2024-01-05 18:00:00,1128.68,578.78,57.8,66.2,3.98,1.58,58.9,75,285.3
2024-01-05 19:00:00,975.61,336.08,58.7,66.1,3.62,1.26,74.5,62,159.4
2024-01-05 20:00:00,993.98,585.76,61.8,65.0,2.87,1.7,65.7,105,173.2
2024-01-05 21:00:00,1094.79,590.11,70.1,65.8,3.37,1.75,79.7,107,422.8
2024-01-05 22:00:00,826.8,546.76,51.9,75.9,3.77,1.77,28.4,77,286.9
2024-01-05 23:00:00,1006.23,545.94,64.3,51.0,2.63,1.23,29.5,135,363.7
2024-01-06 00:00:00,1052.33,498.13,51.7,74.7,3.85,1.53,78.4,60,194.1
2024-01-06 01:00:00,1073.74,525.28,65.7,65.8,3.83,1.67,46.9,68,459.0
2024-01-06 02:00:00,833.4,433.34,41.0,74.3,3.26,1.55,37.4,134,303.3
2024-01-06 03:00:00,1126.13,555.42,83.7,77.5,3.84,1.38,28.3,147,148.1
2024-01-06 04:00:00,1178.72,565.03,63.5,70.8,2.85,1.79,78.4,97,275.1
2024-01-06 05:00:00,804.61,351.77,76.5,54.1,2.57,1.48,48.4,61,431.5
2024-01-06 06:00:00,871.93,356.67,65.4,55.5,3.1,1.66,60.1,70,304.4
2024-01-06 07:00:00,999.87,545.14,52.2,50.8,3.51,1.54,50.3,109,390.5
2024-01-06 08:00:00,956.84,582.98,70.2,74.7,3.5,1.23,22.6,95,191.7
2024-01-06 09:00:00,847.17,571.42,44.0,65.3,2.67,1.46,49.7,120,356.9
2024-01-06 10:00:00,870.81,385.24,80.2,69.2,3.34,1.4,42.6,63,411.6
2024-01-06 11:00:00,984.1,539.36,76.2,68.5,3.1,1.38,22.7,127,470.5
2024-01-06 12:00:00,1080.8,384.91,67.4,58.4,2.87,1.36,56.7,53,206.3
2024-01-06 13:00:00,1004.68,345.51,60.0,50.4,3.01,1.43,29.6,95,332.0
2024-01-06 14:00:00,897.26,489.09,52.4,64.1,2.5,1.78,77.6,149,188.8
2024-01-06 15:00:00,1013.85,459.81,62.6,66.5,3.82,1.28,35.5,111,160.5
2024-01-06 16:00:00,1195.01,458.16,67.1,47.4,2.53,1.7,25.4,59,185.8
2024-01-06 17:00:00,1131.88,475.95,74.1,70.4,3.04,1.65,56.0,70,499.4
2024-01-06 18:00:00,1149.25,514.42,44.9,52.5,3.58,1.74,40.5,81,117.5
2024-01-06 19:00:00,901.81,466.89,44.2,56.6,3.75,1.21,29.9,85,400.2
2024-01-06 20:00:00,998.24,378.65,67.7,60.0,3.48,1.72,61.8,85,111.3
2024-01-06 21:00:00,1026.89,420.62,42.8,71.4,3.23,1.75,64.9,148,306.3
2024-01-06 22:00:00,1080.08,478.36,65.8,64.1,2.56,1.52,74.5,50,446.5
2024-01-06 23:00:00,984.69,465.35,44.4,47.8,2.91,1.51,79.7,150,190.6
2024-01-07 00:00:00,930.58,355.41,57.8,58.2,2.9,1.45,59.8,129,421.9
2024-01-07 01:00:00,899.59,592.58,57.8,66.6,3.16,1.76,42.9,89,375.5
2024-01-07 02:00:00,1146.69,398.2,66.5,79.3,3.71,1.23,27.4,67,389.0
2024-01-07 03:00:00,1071.81,317.58,70.9,61.7,3.04,1.62,42.9,138,117.8
2024-01-07 04:00:00,845.36,442.34,59.0,70.5,2.84,1.56,65.2,121,423.0
2024-01-07 05:00:00,882.86,394.32,58.5,69.8,2.69,1.51,35.6,97,339.8
2024-01-07 06:00:00,951.59,302.3,41.1,68.0,3.36,1.68,37.9,124,200.1
2024-01-07 07:00:00,818.78,576.15,84.9,68.9,2.91,1.74,71.7,128,274.0
2024-01-07 08:00:00,999.0,315.0,75.5,54.2,2.52,1.67,38.6,104,446.1
2024-01-07 09:00:00,996.01,432.93,64.2,46.0,3.18,1.77,66.1,78,176.9
2024-01-07 10:00:00,1002.57,482.58,59.1,53.5,3.67,1.35,44.3,98,413.3
2024-01-07 11:00:00,1141.72,355.3,58.8,69.5,2.58,1.44,40.0,127,238.8
2024-01-07 12:00:00,1170.14,302.75,81.9,59.9,3.78,1.27,29.1,73,485.3
2024-01-07 13:00:00,1119.28,428.45,79.7,69.3,3.21,1.44,65.8,128,126.9
2024-01-07 14:00:00,811.1,323.72,52.6,79.4,2.64,1.75,71.1,82,313.4
2024-01-07 15:00:00,1006.83,416.47,42.7,71.6,3.97,1.21,48.5,116,492.8
2024-01-07 16:00:00,992.48,448.36,65.1,51.9,2.62,1.55,72.9,95,277.6
2024-01-07 17:00:00,1114.24,304.09,76.1,60.6,3.99,1.45,35.8,71,355.4
2024-01-07 18:00:00,970.0,344.18,45.0,50.8,2.81,1.35,64.1,111,236.9
2024-01-07 19:00:00,972.03,508.93,72.8,75.3,3.3,1.48,41.0,131,167.5
2024-01-07 20:00:00,1193.36,584.4,47.9,49.5,3.51,1.62,34.0,91,451.5
2024-01-07 21:00:00,944.81,525.73,82.8,46.7,3.51,1.46,38.3,97,214.1
2024-01-07 22:00:00,986.89,521.93,79.1,74.6,2.62,1.28,31.6,141,493.9
2024-01-07 23:00:00,914.19,461.18,74.4,70.6,3.24,1.76,64.0,60,280.3
2024-01-08 00:00:00,1160.47,419.44,49.3,68.3,3.47,1.61,30.0,71,112.3
2024-01-08 01:00:00,1147.04,466.53,57.1,50.9,2.61,1.48,62.9,133,317.2
2024-01-08 02:00:00,1120.48,320.18,75.3,78.7,3.74,1.35,62.9,74,113.3
2024-01-08 03:00:00,1043.55,537.85,50.3,70.2,3.25,1.29,57.4,79,232.4
2024-01-08 04:00:00,891.81,391.68,41.6,77.2,3.55,1.58,26.2,58,386.1
2024-01-08 05:00:00,958.54,442.25,52.9,76.7,3.76,1.41,30.3,82,201.8
2024-01-08 06:00:00,1068.01,407.84,51.8,46.9,3.3,1.69,72.7,138,126.4
2024-01-08 07:00:00,1041.11,365.23,71.7,64.3,2.52,1.61,65.3,142,367.8
2024-01-08 08:00:00,896.37,478.73,46.6,61.0,3.25,1.6,72.4,144,254.4
2024-01-08 09:00:00,1048.84,473.78,84.5,63.5,3.66,1.73,65.9,126,124.4
2024-01-08 10:00:00,1197.28,394.35,66.0,49.6,3.22,1.36,47.0,67,201.5
2024-01-08 11:00:00,893.02,543.07,78.8,79.5,3.31,1.78,62.6,72,207.1
2024-01-08 12:00:00,1161.82,549.49,69.2,65.7,2.74,1.34,54.1,63,160.4
2024-01-08 13:00:00,845.09,493.82,64.7,46.1,3.88,1.29,72.9,76,493.4
2024-01-08 14:00:00,1006.83,454.41,42.2,65.2,3.89,1.3,27.3,64,106.0
2024-01-08 15:00:00,892.01,566.69,40.7,69.2,3.08,1.46,26.9,53,303.2
2024-01-08 16:00:00,1052.55,501.44,65.1,73.1,3.22,1.43,20.7,60,427.1
2024-01-08 17:00:00,875.74,415.11,44.2,47.2,3.59,1.74,37.4,90,360.0
2024-01-08 18:00:00,1056.46,325.52,63.0,46.7,3.22,1.45,65.1,120,356.6
2024-01-08 19:00:00,877.99,392.8,79.0,65.6,3.75,1.67,22.1,75,393.3
2024-01-08 20:00:00,1197.83,437.11,73.8,77.1,2.51,1.69,36.7,92,481.0
2024-01-08 21:00:00,1035.33,431.26,43.4,45.7,3.53,1.46,78.3,135,256.0
2024-01-08 22:00:00,907.47,322.15,80.7,58.8,3.06,1.72,62.5,140,436.3
2024-01-08 23:00:00,1197.25,367.44,52.7,73.3,3.31,1.26,56.8,125,207.5
2024-01-09 00:00:00,1047.45,312.59,67.7,57.9,3.34,1.32,45.2,75,217.7
2024-01-09 01:00:00,856.33,460.29,65.5,66.8,2.74,1.56,67.1,117,193.6
2024-01-09 02:00:00,973.38,466.63,80.4,64.8,3.21,1.8,59.6,112,412.6
2024-01-09 03:00:00,829.06,309.19,76.1,60.0,3.04,1.71,54.2,98,109.3
2024-01-09 04:00:00,1037.88,337.95,82.4,49.6,3.82,1.66,41.5,130,308.8
2024-01-09 05:00:00,1023.63,561.8,57.1,55.6,2.62,1.71,65.7,123,247.4
2024-01-09 06:00:00,855.68,321.85,60.7,56.7,2.97,1.77,47.6,108,216.3
2024-01-09 07:00:00,836.08,524.39,62.0,58.5,2.78,1.24,52.5,132,320.6
2024-01-09 08:00:00,912.13,482.57,66.6,77.9,3.15,1.31,28.5,111,233.7
2024-01-09 09:00:00,1035.05,434.78,76.5,75.9,3.87,1.36,63.9,84,466.5
2024-01-09 10:00:00,842.09,466.07,70.6,58.0,3.75,1.23,46.1,114,150.6
2024-01-09 11:00:00,1137.97,342.46,78.0,57.9,3.75,1.63,21.1,143,119.9
2024-01-09 12:00:00,1052.85,365.87,71.7,57.0,2.91,1.23,30.3,67,211.4
2024-01-09 13:00:00,1145.81,597.56,62.6,77.2,3.42,1.73,73.1,85,102.0
2024-01-09 14:00:00,835.58,456.05,82.5,73.6,2.77,1.61,63.0,80,136.0
2024-01-09 15:00:00,1197.47,321.75,82.4,64.0,3.9,1.66,20.4,58,123.6
2024-01-09 16:00:00,940.57,468.74,71.4,78.2,2.64,1.54,78.5,128,171.2
2024-01-09 17:00:00,985.53,542.18,84.1,68.0,2.97,1.46,64.9,55,397.5
2024-01-09 18:00:00,890.97,545.08,75.7,46.9,3.35,1.32,22.0,59,423.9
2024-01-09 19:00:00,1037.46,504.15,40.2,61.9,3.86,1.7,59.2,114,329.6
2024-01-09 20:00:00,924.9,513.41,71.5,52.9,3.47,1.68,51.3,102,337.2
2024-01-09 21:00:00,1029.23,559.56,58.5,49.6,2.89,1.77,66.0,102,434.5
2024-01-09 22:00:00,835.24,487.32,72.4,77.4,3.97,1.32,38.7,118,133.1
2024-01-09 23:00:00,1160.68,517.61,43.2,54.0,2.57,1.41,53.7,128,261.3
2024-01-10 00:00:00,1073.84,320.62,80.2,52.5,3.82,1.67,41.6,82,309.6
2024-01-10 01:00:00,1152.52,372.59,79.2,50.3,3.29,1.44,36.4,119,274.2
2024-01-10 02:00:00,1098.13,434.34,66.5,52.7,3.58,1.35,38.0,119,301.4
2024-01-10 03:00:00,1018.86,590.3,54.3,53.0,3.88,1.68,57.8,88,262.4
2024-01-10 04:00:00,855.16,314.23,55.0,60.6,3.17,1.37,23.0,96,279.6
2024-01-10 05:00:00,934.23,324.02,83.2,50.6,3.35,1.64,20.6,54,316.3
2024-01-10 06:00:00,933.32,529.7,44.8,62.3,3.55,1.64,60.0,126,140.7
2024-01-10 07:00:00,893.43,585.31,84.9,61.2,3.26,1.43,56.1,137,107.6
2024-01-10 08:00:00,931.41,388.48,82.4,68.9,2.58,1.62,30.1,53,262.4
2024-01-10 09:00:00,1048.39,575.81,54.2,77.2,2.9,1.76,61.0,50,457.2
2024-01-10 10:00:00,1066.74,354.67,80.6,72.5,3.85,1.41,77.7,51,163.2
2024-01-10 11:00:00,967.07,543.74,81.4,47.8,2.67,1.33,63.2,73,462.6
2024-01-10 12:00:00,938.81,539.38,70.9,65.6,3.16,1.73,40.4,106,213.0
2024-01-10 13:00:00,1182.34,447.69,74.4,69.6,3.77,1.48,53.0,95,383.3
2024-01-10 14:00:00,1035.95,409.85,41.3,53.1,3.63,1.24,20.6,100,215.1
2024-01-10 15:00:00,1071.02,364.87,53.7,70.2,2.8,1.74,27.1,85,239.3
2024-01-10 16:00:00,1175.08,563.49,59.3,62.7,3.55,1.66,23.9,119,220.0
2024-01-10 17:00:00,1045.37,328.14,50.0,67.9,3.82,1.57,30.5,119,243.7
2024-01-10 18:00:00,1103.99,373.09,56.8,64.8,2.72,1.42,24.2,57,263.0
2024-01-10 19:00:00,994.76,582.17,40.6,45.7,3.36,1.77,74.5,120,123.5
2024-01-10 20:00:00,1018.69,515.14,61.5,46.5,3.54,1.34,48.7,84,377.8
2024-01-10 21:00:00,850.12,566.93,49.8,51.8,3.77,1.38,61.9,97,444.8
2024-01-10 22:00:00,808.2,417.79,60.6,71.6,3.77,1.4,20.5,70,353.2
2024-01-10 23:00:00,1131.38,321.86,49.6,58.3,2.88,1.74,31.0,63,283.8
2024-01-11 00:00:00,901.91,474.63,68.2,68.2,3.36,1.67,33.1,78,223.1
2024-01-11 01:00:00,1142.4,320.92,73.2,46.1,2.56,1.74,45.3,136,118.6
2024-01-11 02:00:00,897.71,491.16,83.2,64.5,3.12,1.35,20.8,64,135.4
2024-01-11 03:00:00,957.03,365.98,46.1,77.5,2.92,1.61,77.5,108,233.6
2024-01-11 04:00:00,1150.58,468.77,75.5,64.0,2.98,1.54,31.2,71,337.4
2024-01-11 05:00:00,1037.44,427.05,47.5,46.6,3.93,1.34,60.3,72,418.9
2024-01-11 06:00:00,1153.9,342.44,56.7,63.2,2.62,1.48,47.8,53,378.0
2024-01-11 07:00:00,850.43,572.2,45.2,73.0,3.76,1.34,65.1,50,172.4
2024-01-11 08:00:00,972.58,587.23,44.5,72.8,3.59,1.3,41.2,117,414.3
2024-01-11 09:00:00,1008.9,572.96,72.5,69.0,3.35,1.46,66.4,114,274.6
2024-01-11 10:00:00,1014.21,399.69,64.8,70.6,3.82,1.54,47.8,110,167.0
2024-01-11 11:00:00,1076.29,414.52,63.3,69.8,3.63,1.66,75.0,111,314.0
2024-01-11 12:00:00,1123.32,481.16,49.7,64.2,3.06,1.77,50.5,124,291.8
2024-01-11 13:00:00,868.95,452.72,54.9,75.9,3.8,1.59,79.7,67,167.2
2024-01-11 14:00:00,1101.6,348.75,42.4,64.3,3.42,1.52,57.5,79,154.1
2024-01-11 15:00:00,1178.21,317.75,44.0,54.8,3.98,1.59,63.9,145,444.1
2024-01-11 16:00:00,1099.11,319.81,83.8,78.5,3.37,1.63,62.1,136,150.6
2024-01-11 17:00:00,1050.92,303.91,41.6,52.3,2.58,1.76,61.8,78,441.0
2024-01-11 18:00:00,852.23,431.67,56.2,77.6,3.54,1.26,42.4,74,116.6
2024-01-11 19:00:00,1110.74,339.19,44.2,56.7,2.57,1.35,31.8,137,493.7
2024-01-11 20:00:00,822.98,514.57,66.8,77.7,3.16,1.48,43.9,124,138.4
2024-01-11 21:00:00,1014.91,339.61,43.2,45.8,2.74,1.56,44.9,137,491.3
2024-01-11 22:00:00,829.61,389.56,78.9,46.4,3.92,1.55,77.3,77,147.7
2024-01-11 23:00:00,1114.06,379.1,77.9,71.0,3.73,1.24,43.2,70,160.3
2024-01-12 00:00:00,832.46,560.59,82.2,59.7,2.52,1.23,44.4,97,487.5
2024-01-12 01:00:00,967.07,590.91,57.7,78.4,3.82,1.22,34.0,100,471.9
2024-01-12 02:00:00,833.65,453.64,57.7,57.7,2.95,1.37,65.8,82,220.2
2024-01-12 03:00:00,814.47,589.59,57.6,51.9,2.96,1.66,63.0,122,266.7
2024-01-12 04:00:00,803.41,494.17,57.0,60.9,2.69,1.3,28.1,65,135.4
2024-01-12 05:00:00,1187.46,376.72,75.4,68.3,3.88,1.64,76.5,121,378.2
2024-01-12 06:00:00,906.62,345.39,70.6,74.8,3.45,1.77,52.0,113,479.7
2024-01-12 07:00:00,1037.65,506.17,44.4,66.8,3.11,1.58,63.5,141,133.9
2024-01-12 08:00:00,1040.31,504.81,51.9,52.0,3.01,1.34,28.0,86,478.9
2024-01-12 09:00:00,1189.64,356.0,56.5,47.0,3.3,1.33,35.6,75,479.7
2024-01-12 10:00:00,813.89,506.86,43.5,69.7,3.05,1.6,50.0,53,249.5
2024-01-12 11:00:00,1087.51,410.94,61.0,70.5,3.87,1.54,36.1,92,418.4
2024-01-12 12:00:00,960.55,513.63,72.4,79.7,3.58,1.77,75.0,92,478.8
2024-01-12 13:00:00,944.2,371.98,56.7,61.5,3.79,1.44,75.9,126,410.8
2024-01-12 14:00:00,952.92,542.07,59.4,76.7,2.69,1.31,37.1,52,314.2
2024-01-12 15:00:00,1163.3,471.81,81.6,77.8,3.88,1.38,25.3,93,174.1
2024-01-12 16:00:00,959.64,342.78,75.4,58.0,3.07,1.38,46.8,64,441.4
2024-01-12 17:00:00,895.81,435.96,84.1,49.8,3.05,1.63,79.2,84,172.6
2024-01-12 18:00:00,849.02,544.09,42.4,68.4,2.9,1.53,31.7,70,476.4
2024-01-12 19:00:00,1126.63,390.3,54.3,55.8,3.58,1.23,54.0,78,363.1
2024-01-12 20:00:00,983.16,331.27,80.8,76.6,2.54,1.59,63.9,113,476.1
2024-01-12 21:00:00,1128.78,575.93,46.4,49.2,3.05,1.53,25.5,121,212.3
2024-01-12 22:00:00,862.57,408.82,83.6,54.8,3.84,1.46,74.4,108,203.9
2024-01-12 23:00:00,1137.66,495.15,70.5,46.7,3.25,1.59,29.8,132,473.5
2024-01-13 00:00:00,1070.68,507.45,58.5,57.0,3.61,1.29,74.3,109,281.2
2024-01-13 01:00:00,1030.92,420.09,54.6,51.6,3.2,1.27,74.7,132,431.0
2024-01-13 02:00:00,1170.0,488.79,56.1,50.3,3.16,1.52,21.5,97,230.2
2024-01-13 03:00:00,1007.66,595.23,41.6,77.2,3.23,1.61,63.8,58,223.7
2024-01-13 04:00:00,927.92,498.77,82.5,49.2,2.54,1.38,78.1,138,416.7
2024-01-13 05:00:00,1107.7,365.29,57.9,73.2,3.54,1.5,29.9,54,179.4
2024-01-13 06:00:00,879.25,486.73,55.8,50.4,3.66,1.31,63.3,126,358.0
2024-01-13 07:00:00,1030.25,489.35,61.8,53.6,2.69,1.42,56.9,134,373.2
2024-01-13 08:00:00,1163.82,344.51,46.8,69.3,3.72,1.34,57.0,116,341.4
2024-01-13 09:00:00,869.72,386.2,78.4,69.2,3.74,1.67,33.3,95,190.2
2024-01-13 10:00:00,890.65,428.05,62.8,79.0,3.2,1.25,22.9,108,118.2
2024-01-13 11:00:00,874.98,482.14,75.5,49.2,3.26,1.3,71.2,98,115.4
2024-01-13 12:00:00,805.66,337.4,57.8,57.4,3.77,1.69,53.2,121,371.1
2024-01-13 13:00:00,1052.85,354.87,44.0,75.1,3.5,1.71,46.1,140,404.8
2024-01-13 14:00:00,1013.65,377.48,58.1,52.0,3.16,1.36,28.7,77,492.9
2024-01-13 15:00:00,1192.99,342.49,47.3,69.9,2.53,1.26,56.4,82,498.9
2024-01-13 16:00:00,938.44,597.12,78.6,64.8,3.58,1.6,61.1,73,171.5
2024-01-13 17:00:00,1183.34,421.51,57.0,73.7,3.43,1.8,32.7,133,119.7
2024-01-13 18:00:00,955.84,549.93,68.6,70.3,3.8,1.35,71.3,64,312.6
2024-01-13 19:00:00,908.62,505.1,62.1,48.7,2.85,1.49,38.9,121,479.9
2024-01-13 20:00:00,1108.87,495.96,54.6,45.5,3.49,1.33,43.1,101,364.4
2024-01-13 21:00:00,1003.49,386.05,58.0,65.0,3.58,1.59,43.2,90,392.2
2024-01-13 22:00:00,1116.3,313.51,54.3,64.9,3.7,1.76,59.6,97,134.6
2024-01-13 23:00:00,1190.94,380.3,43.5,71.8,3.51,1.4,36.3,122,473.3
2024-01-14 00:00:00,836.53,516.27,66.7,52.4,2.98,1.53,41.5,73,124.1
2024-01-14 01:00:00,1121.37,543.36,40.8,50.9,3.96,1.6,24.3,133,298.5
2024-01-14 02:00:00,854.38,498.49,46.7,47.6,2.8,1.35,63.0,129,261.4
2024-01-14 03:00:00,1012.79,494.18,58.3,64.8,3.28,1.33,29.9,112,457.3
2024-01-14 04:00:00,892.53,539.37,84.3,51.5,3.16,1.43,65.9,108,483.7
2024-01-14 05:00:00,1078.18,589.15,64.1,61.6,3.32,1.41,70.4,76,476.3
2024-01-14 06:00:00,1073.98,570.03,71.4,55.8,2.67,1.26,66.2,92,223.5
2024-01-14 07:00:00,812.35,453.75,72.6,65.2,3.0,1.34,28.7,70,148.4
2024-01-14 08:00:00,827.7,552.65,74.9,62.0,3.07,1.8,53.8,108,419.8
2024-01-14 09:00:00,913.64,302.07,42.2,49.9,3.95,1.48,38.4,119,366.2
2024-01-14 10:00:00,974.1,420.27,65.8,65.8,3.89,1.73,25.3,75,254.3
2024-01-14 11:00:00,939.02,507.19,41.5,75.0,2.55,1.44,41.2,139,188.2
2024-01-14 12:00:00,879.67,476.66,57.4,54.5,3.14,1.31,47.9,60,144.0
2024-01-14 13:00:00,1054.0,495.02,46.2,69.4,2.83,1.32,61.7,125,286.4
2024-01-14 14:00:00,803.18,410.4,45.0,63.5,3.19,1.6,45.6,80,495.0
2024-01-14 15:00:00,1141.33,484.22,81.2,66.7,3.34,1.54,40.1,100,239.5
2024-01-14 16:00:00,912.68,497.24,51.2,79.0,3.63,1.72,76.5,87,398.1
2024-01-14 17:00:00,922.96,377.22,43.3,76.4,3.42,1.44,75.7,125,197.8
2024-01-14 18:00:00,1042.98,550.14,82.5,54.0,3.37,1.37,54.5,84,450.8
2024-01-14 19:00:00,905.52,457.75,70.4,68.0,3.34,1.29,22.9,92,300.2
2024-01-14 20:00:00,851.32,516.89,72.6,52.6,3.36,1.69,58.6,116,333.1
2024-01-14 21:00:00,1173.5,329.93,47.1,78.9,4.0,1.66,46.7,57,376.5
2024-01-14 22:00:00,846.06,443.62,42.0,56.4,3.85,1.51,31.6,130,383.9
2024-01-14 23:00:00,965.12,401.0,76.0,49.6,3.67,1.22,20.6,88,211.3
2024-01-15 00:00:00,973.13,391.32,81.8,50.2,3.42,1.54,69.4,68,458.9
2024-01-15 01:00:00,1149.86,331.99,75.0,52.1,3.8,1.4,43.6,95,311.5
2024-01-15 02:00:00,1037.96,357.09,66.2,67.0,3.76,1.78,53.3,105,488.3
2024-01-15 03:00:00,831.55,472.1,49.8,47.4,3.56,1.53,31.3,139,230.9
2024-01-15 04:00:00,955.15,325.39,50.0,64.0,3.06,1.73,37.8,73,176.2
2024-01-15 05:00:00,962.96,579.84,73.3,46.2,2.87,1.39,37.6,83,262.6
2024-01-15 06:00:00,1062.41,305.61,50.4,60.8,3.37,1.5,61.6,134,258.5
2024-01-15 07:00:00,1128.62,549.36,41.5,72.7,3.98,1.59,62.6,68,327.6
2024-01-15 08:00:00,912.23,525.98,83.2,50.4,3.71,1.25,59.8,112,275.3
2024-01-15 09:00:00,914.42,439.74,48.5,46.3,2.81,1.39,29.3,118,417.6
2024-01-15 10:00:00,1133.89,584.17,47.4,73.5,3.41,1.37,43.5,73,279.4
2024-01-15 11:00:00,934.71,561.64,81.5,50.6,2.8,1.51,29.2,79,103.7
2024-01-15 12:00:00,806.5,399.06,65.8,48.8,2.81,1.21,21.3,75,201.5
2024-01-15 13:00:00,987.38,320.32,71.2,68.5,3.14,1.47,76.0,51,275.0
2024-01-15 14:00:00,970.75,532.77,67.4,57.2,3.72,1.35,64.9,72,211.2
2024-01-15 15:00:00,948.08,316.82,82.4,51.1,2.85,1.55,66.2,112,168.3
2024-01-15 16:00:00,811.62,381.26,81.3,72.7,2.57,1.52,47.5,124,423.8
2024-01-15 17:00:00,1118.87,575.18,40.7,60.9,2.74,1.3,67.8,87,120.8
2024-01-15 18:00:00,949.32,431.8,79.5,59.5,3.75,1.6,52.8,143,410.5
2024-01-15 19:00:00,840.64,575.2,68.9,69.2,2.98,1.36,26.4,150,433.0
2024-01-15 20:00:00,1174.29,354.86,51.9,58.5,3.46,1.34,72.3,106,161.6
2024-01-15 21:00:00,1071.06,488.68,55.3,75.5,2.6,1.29,55.9,124,412.8
2024-01-15 22:00:00,937.3,418.26,64.0,69.9,3.87,1.63,28.8,81,294.2
2024-01-15 23:00:00,1050.88,435.41,74.6,47.7,2.78,1.28,25.2,56,147.7
2024-01-16 00:00:00,983.16,454.05,50.6,57.1,3.53,1.45,75.1,128,120.0
2024-01-16 01:00:00,1166.53,592.8,43.3,74.9,3.79,1.49,61.6,130,473.0
2024-01-16 02:00:00,1039.31,405.76,66.4,66.7,2.88,1.41,55.9,144,454.3
2024-01-16 03:00:00,1105.73,448.2,47.8,50.0,3.24,1.43,35.3,78,323.0
2024-01-16 04:00:00,872.72,306.44,78.6,50.2,2.67,1.31,60.7,137,424.4
2024-01-16 05:00:00,1036.44,493.81,78.2,51.7,2.79,1.64,61.5,75,180.9
2024-01-16 06:00:00,915.96,390.61,79.5,74.2,2.96,1.7,49.9,126,332.0
2024-01-16 07:00:00,932.24,381.29,40.9,50.8,3.79,1.57,42.7,114,373.7
2024-01-16 08:00:00,828.55,529.83,54.1,72.6,3.17,1.35,62.1,73,258.9
2024-01-16 09:00:00,1053.86,362.76,82.6,65.9,2.97,1.34,31.1,113,289.7
2024-01-16 10:00:00,1117.92,348.01,56.1,50.4,3.13,1.73,41.0,60,156.7
2024-01-16 11:00:00,1041.83,308.33,56.6,70.4,2.74,1.56,27.0,91,469.6
2024-01-16 12:00:00,1182.02,530.58,49.8,50.3,2.98,1.65,62.1,101,193.0
2024-01-16 13:00:00,897.75,500.51,76.6,67.6,2.76,1.57,37.8,147,481.6
2024-01-16 14:00:00,817.1,413.09,55.1,54.1,3.27,1.59,53.1,62,177.8
2024-01-16 15:00:00,1089.54,366.91,64.2,74.8,2.57,1.54,71.1,78,381.7
2024-01-16 16:00:00,862.81,545.68,43.8,74.8,2.64,1.7,66.9,97,399.7
2024-01-16 17:00:00,1004.54,573.51,45.1,58.0,2.73,1.46,45.0,113,496.6
2024-01-16 18:00:00,919.18,302.53,74.4,48.8,2.99,1.53,23.5,89,495.5
2024-01-16 19:00:00,1100.03,551.15,70.3,46.5,3.08,1.54,50.1,113,276.9
2024-01-16 20:00:00,1009.77,373.37,54.1,56.5,3.61,1.43,44.1,101,399.6
2024-01-16 21:00:00,1110.03,335.63,59.6,49.5,2.94,1.31,56.6,141,472.1
2024-01-16 22:00:00,1123.47,353.71,48.7,45.6,3.54,1.23,29.8,82,312.8
2024-01-16 23:00:00,1118.34,333.83,73.0,77.8,3.88,1.54,71.7,64,136.0
2024-01-17 00:00:00,1145.08,433.95,77.1,59.2,3.41,1.79,36.7,138,310.7
2024-01-17 01:00:00,1060.68,454.11,49.0,70.7,2.53,1.33,45.9,102,108.4
2024-01-17 02:00:00,1075.28,350.43,40.1,45.2,3.9,1.65,52.4,74,317.6
2024-01-17 03:00:00,875.42,328.91,54.5,46.6,3.71,1.36,73.2,80,319.9
2024-01-17 04:00:00,800.76,406.58,71.0,77.4,3.76,1.57,59.6,122,406.9
2024-01-17 05:00:00,824.98,435.33,64.0,60.1,3.73,1.65,76.0,79,170.9
2024-01-17 06:00:00,1022.32,566.86,79.7,62.6,3.84,1.6,73.0,76,185.8
2024-01-17 07:00:00,993.46,570.04,43.7,56.8,2.67,1.58,52.5,146,430.9
2024-01-17 08:00:00,961.0,419.29,44.7,60.2,2.96,1.67,20.0,59,175.9
2024-01-17 09:00:00,1065.53,537.33,49.1,52.9,3.41,1.26,52.4,115,392.4
2024-01-17 10:00:00,889.52,569.31,60.7,66.0,3.78,1.52,39.5,147,394.5
2024-01-17 11:00:00,1080.13,421.82,80.3,62.3,2.64,1.23,65.3,142,248.1
2024-01-17 12:00:00,1032.8,301.88,80.4,63.8,2.65,1.59,36.0,148,130.0
2024-01-17 13:00:00,850.97,482.01,83.0,49.1,3.88,1.62,41.1,125,267.6
2024-01-17 14:00:00,1141.29,492.98,64.3,55.5,3.49,1.31,60.5,141,428.8
2024-01-17 15:00:00,860.27,417.24,56.6,78.4,3.1,1.43,30.2,95,329.9
2024-01-17 16:00:00,837.68,397.1,49.2,66.6,3.39,1.73,29.8,91,189.4
2024-01-17 17:00:00,909.13,430.55,68.6,71.7,3.61,1.73,54.8,127,109.0
2024-01-17 18:00:00,907.25,442.55,74.4,59.4,3.39,1.8,23.8,106,329.6
2024-01-17 19:00:00,958.54,306.48,40.2,72.4,3.19,1.61,49.9,121,240.8
2024-01-17 20:00:00,1047.12,471.29,58.3,47.6,3.26,1.68,68.1,88,145.0
2024-01-17 21:00:00,984.82,386.69,60.6,78.0,3.02,1.44,54.9,118,142.7
2024-01-17 22:00:00,952.33,532.92,64.0,54.3,2.97,1.68,30.0,131,305.9
2024-01-17 23:00:00,957.8,302.97,83.4,49.1,3.83,1.22,43.9,108,115.6
2024-01-18 00:00:00,960.09,465.86,80.6,45.6,3.32,1.36,70.0,95,308.0
2024-01-18 01:00:00,1108.07,300.16,79.5,65.1,2.78,1.6,22.5,111,222.0
2024-01-18 02:00:00,1125.92,465.32,67.8,70.8,2.89,1.71,79.7,120,239.1
2024-01-18 03:00:00,1193.7,370.97,46.7,78.6,3.68,1.75,22.8,77,118.4
2024-01-18 04:00:00,937.97,417.11,70.5,48.6,3.83,1.67,41.4,76,106.9
2024-01-18 05:00:00,1187.3,407.23,53.2,64.5,3.65,1.31,46.3,119,366.0
2024-01-18 06:00:00,1158.88,388.26,60.2,46.8,3.64,1.75,74.7,133,147.3
2024-01-18 07:00:00,988.84,424.33,68.9,46.2,2.67,1.65,45.7,138,149.2
2024-01-18 08:00:00,892.37,575.68,53.6,78.9,2.7,1.56,22.6,111,209.7
2024-01-18 09:00:00,937.18,426.58,80.6,59.0,3.87,1.3,76.4,98,156.7
2024-01-18 10:00:00,1111.25,335.05,81.0,66.4,3.15,1.49,38.9,104,407.2
2024-01-18 11:00:00,873.69,556.53,45.6,45.3,2.85,1.76,58.9,87,275.8
2024-01-18 12:00:00,811.76,449.67,61.6,58.6,3.31,1.61,39.5,126,189.1
2024-01-18 13:00:00,974.83,351.22,78.2,73.6,3.3,1.39,49.3,60,487.8
2024-01-18 14:00:00,914.99,518.6,49.8,50.8,3.74,1.74,23.4,144,199.7
2024-01-18 15:00:00,851.09,355.45,44.1,75.4,3.89,1.67,34.2,149,356.0
2024-01-18 16:00:00,1053.32,438.99,47.1,72.0,3.3,1.53,34.8,94,322.3
2024-01-18 17:00:00,1084.95,396.37,54.6,51.3,3.5,1.3,70.5,67,385.1
2024-01-18 18:00:00,925.05,421.82,84.0,56.5,3.05,1.25,24.0,93,466.5
2024-01-18 19:00:00,1011.64,491.02,56.3,66.0,2.89,1.47,36.2,79,405.9
2024-01-18 20:00:00,1055.45,406.99,46.4,60.3,3.29,1.65,63.9,64,433.3
2024-01-18 21:00:00,1137.64,335.72,66.1,69.6,3.97,1.48,35.6,127,181.3
2024-01-18 22:00:00,933.35,446.5,64.0,52.8,2.69,1.33,25.0,150,127.5
2024-01-18 23:00:00,880.42,547.65,63.5,66.0,2.77,1.76,50.8,114,314.0
2024-01-19 00:00:00,870.03,574.08,43.1,72.8,3.22,1.49,20.6,121,273.9
2024-01-19 01:00:00,926.39,318.78,48.2,60.6,2.96,1.4,59.7,91,391.6
2024-01-19 02:00:00,993.05,541.73,63.0,48.6,3.35,1.26,45.5,111,175.2
2024-01-19 03:00:00,911.69,414.45,43.9,61.8,3.61,1.76,55.5,100,335.5
2024-01-19 04:00:00,826.12,393.12,49.4,58.9,3.38,1.55,73.3,130,417.5
2024-01-19 05:00:00,904.8,571.81,42.4,65.6,3.38,1.22,22.2,56,312.9
2024-01-19 06:00:00,1021.64,443.91,66.0,63.6,2.85,1.76,62.5,70,138.1
2024-01-19 07:00:00,833.99,478.34,69.9,55.2,2.93,1.59,43.4,144,475.2
2024-01-19 08:00:00,1110.59,389.26,73.8,76.5,3.5,1.63,55.0,106,168.3
2024-01-19 09:00:00,1164.34,411.28,74.9,62.2,3.45,1.54,65.3,66,478.2
2024-01-19 10:00:00,1096.76,552.78,42.3,50.0,3.16,1.55,63.9,127,364.1
2024-01-19 11:00:00,1065.03,489.36,43.3,49.8,3.29,1.31,56.5,107,459.5
2024-01-19 12:00:00,984.85,577.87,73.8,63.5,3.87,1.36,39.7,62,416.0
2024-01-19 13:00:00,1117.92,361.83,62.3,75.6,3.28,1.43,51.4,60,172.9
2024-01-19 14:00:00,887.06,308.91,63.8,57.0,3.15,1.52,66.5,123,198.3
2024-01-19 15:00:00,1194.43,447.51,64.2,54.6,3.87,1.55,73.3,52,395.2
2024-01-19 16:00:00,1046.88,575.08,83.5,70.2,3.45,1.3,26.3,109,330.8
2024-01-19 17:00:00,948.16,344.34,78.8,77.4,3.38,1.33,67.4,61,351.2
2024-01-19 18:00:00,1062.8,523.35,64.2,45.7,3.58,1.78,20.7,135,227.4
2024-01-19 19:00:00,850.61,418.37,73.6,49.3,3.36,1.67,24.8,81,483.4
2024-01-19 20:00:00,1013.06,555.85,84.3,55.8,3.47,1.39,27.3,142,270.6
2024-01-19 21:00:00,1029.59,507.03,54.8,63.7,2.65,1.5,27.4,86,231.1
2024-01-19 22:00:00,1151.73,389.8,72.2,52.2,2.6,1.41,61.8,150,312.4
2024-01-19 23:00:00,882.26,527.26,46.3,60.4,2.83,1.41,63.2,101,327.3
2024-01-20 00:00:00,883.59,372.6,67.8,69.7,3.44,1.53,78.5,146,436.6
2024-01-20 01:00:00,972.08,410.02,83.0,60.8,2.87,1.59,71.6,98,195.8
2024-01-20 02:00:00,994.94,355.78,55.6,75.7,2.65,1.37,43.6,136,345.4
2024-01-20 03:00:00,1064.01,551.5,81.0,61.5,2.77,1.22,29.5,126,268.7
2024-01-20 04:00:00,1106.28,413.46,40.2,77.0,2.94,1.51,42.7,82,202.6
2024-01-20 05:00:00,1126.8,504.89,43.4,76.3,3.44,1.62,77.5,91,353.8
2024-01-20 06:00:00,881.9,460.62,76.8,77.2,3.11,1.36,78.5,65,115.0
2024-01-20 07:00:00,1067.71,464.06,46.1,79.3,2.51,1.29,45.2,104,153.7
2024-01-20 08:00:00,1142.89,561.71,51.8,54.1,2.91,1.27,65.3,79,336.8
2024-01-20 09:00:00,1117.7,577.97,65.9,65.1,2.57,1.5,35.6,146,444.2
2024-01-20 10:00:00,1063.71,482.04,83.4,77.2,3.35,1.3,52.2,85,475.4
2024-01-20 11:00:00,1003.66,529.58,79.2,71.4,3.03,1.71,34.2,148,231.5
2024-01-20 12:00:00,1099.45,436.1,78.1,49.3,2.9,1.32,58.5,104,422.4
2024-01-20 13:00:00,1183.94,595.54,75.5,71.5,3.76,1.69,66.5,148,431.6
2024-01-20 14:00:00,881.24,584.13,66.6,71.6,3.85,1.5,32.3,110,277.3
2024-01-20 15:00:00,1098.97,588.54,50.0,53.2,3.11,1.66,47.0,82,137.7
2024-01-20 16:00:00,1086.98,481.51,68.0,48.9,3.93,1.32,69.6,103,487.7
2024-01-20 17:00:00,874.52,338.31,46.0,54.3,2.75,1.22,35.7,133,439.0
2024-01-20 18:00:00,1144.94,369.79,43.8,46.2,3.48,1.47,28.0,84,403.2
2024-01-20 19:00:00,826.51,316.98,71.1,69.1,3.76,1.36,53.9,70,208.3
2024-01-20 20:00:00,1199.13,372.06,64.8,47.6,3.43,1.63,38.6,131,469.4
2024-01-20 21:00:00,857.68,383.11,82.8,46.0,3.6,1.53,29.1,99,493.2
2024-01-20 22:00:00,1146.22,472.3,49.2,51.2,2.62,1.5,37.9,68,174.2
2024-01-20 23:00:00,805.6,549.71,71.2,68.6,2.76,1.26,52.0,129,120.6
2024-01-21 00:00:00,876.97,414.77,59.4,69.1,2.82,1.48,29.0,101,279.5
2024-01-21 01:00:00,1061.12,316.83,81.8,72.3,2.55,1.4,67.5,100,457.3
2024-01-21 02:00:00,965.64,340.66,65.7,51.9,3.94,1.55,20.6,109,290.3
2024-01-21 03:00:00,925.2,317.98,62.3,49.8,3.93,1.54,20.7,109,186.5
2024-01-21 04:00:00,984.59,356.85,75.0,67.9,2.76,1.26,32.3,98,326.5
2024-01-21 05:00:00,1097.3,441.78,43.4,58.6,2.71,1.27,68.3,82,226.5
2024-01-21 06:00:00,1168.82,532.04,73.5,72.7,4.0,1.27,30.0,58,289.6
2024-01-21 07:00:00,802.52,377.05,51.0,46.9,3.97,1.7,65.6,87,442.7
2024-01-21 08:00:00,1172.27,339.52,56.2,48.2,3.1,1.29,30.9,125,208.0
2024-01-21 09:00:00,832.91,586.3,81.1,68.3,2.53,1.36,64.5,107,419.1
2024-01-21 10:00:00,989.78,354.09,67.8,52.3,2.77,1.58,41.2,62,189.9
2024-01-21 11:00:00,852.22,422.69,69.3,66.1,2.95,1.53,78.2,136,153.6
2024-01-21 12:00:00,1179.21,548.15,56.2,63.9,2.67,1.22,26.3,123,367.0
2024-01-21 13:00:00,927.87,579.04,66.2,74.5,2.76,1.46,72.9,146,381.2
2024-01-21 14:00:00,1093.0,540.7,79.8,53.9,3.33,1.67,74.5,115,369.8
2024-01-21 15:00:00,850.76,439.08,85.0,76.8,3.25,1.36,47.4,53,304.5
2024-01-21 16:00:00,892.29,546.26,65.1,48.1,3.35,1.54,49.4,129,438.5
2024-01-21 17:00:00,852.25,431.15,42.0,59.1,3.61,1.66,76.0,148,457.5
2024-01-21 18:00:00,1189.79,417.91,83.3,66.9,3.75,1.67,78.8,85,316.1
2024-01-21 19:00:00,1003.94,381.13,82.5,46.4,2.74,1.33,77.9,102,227.4
2024-01-21 20:00:00,972.68,344.41,78.5,50.9,4.0,1.32,63.6,137,475.5
2024-01-21 21:00:00,859.35,304.36,80.6,45.1,2.81,1.33,23.7,52,319.4
2024-01-21 22:00:00,950.76,537.98,73.5,79.8,3.18,1.56,56.7,50,306.5
2024-01-21 23:00:00,1028.69,533.44,85.0,49.2,2.68,1.68,21.4,61,253.8
2024-01-22 00:00:00,1101.19,488.33,76.9,49.9,3.24,1.76,64.5,124,369.3
2024-01-22 01:00:00,1178.03,473.15,60.7,70.1,2.57,1.21,67.7,93,220.1
2024-01-22 02:00:00,1195.6,585.29,82.4,75.3,3.32,1.49,35.5,81,116.3
2024-01-22 03:00:00,809.22,479.02,77.9,65.6,2.92,1.33,46.1,62,389.2
2024-01-22 04:00:00,897.73,433.7,81.8,63.3,2.63,1.26,56.2,132,247.8
2024-01-22 05:00:00,903.66,450.37,74.2,78.7,2.96,1.78,31.3,83,422.0
2024-01-22 06:00:00,1065.89,320.52,49.2,71.7,2.92,1.45,46.8,98,477.4
2024-01-22 07:00:00,1042.88,375.11,66.2,69.6,3.79,1.46,28.9,56,138.2
2024-01-22 08:00:00,1020.21,380.1,69.0,45.6,2.71,1.66,74.6,138,302.8
2024-01-22 09:00:00,1168.26,495.79,63.1,65.9,3.65,1.78,29.0,100,156.3
2024-01-22 10:00:00,1012.35,450.24,43.2,54.2,2.99,1.28,33.6,95,354.9
2024-01-22 11:00:00,877.06,393.47,82.8,52.8,3.99,1.21,37.7,70,347.9
2024-01-22 12:00:00,1197.0,468.0,46.3,69.5,2.66,1.27,45.1,58,351.3
2024-01-22 13:00:00,1114.52,592.37,55.6,45.6,3.5,1.74,26.9,54,124.3
2024-01-22 14:00:00,1040.65,365.72,51.9,59.3,2.58,1.28,34.5,68,283.3
2024-01-22 15:00:00,811.85,517.02,73.6,51.2,3.98,1.28,64.1,130,270.9
2024-01-22 16:00:00,940.34,337.53,69.5,54.3,3.3,1.42,49.9,104,274.1
2024-01-22 17:00:00,930.04,586.72,74.7,70.6,3.96,1.36,42.9,55,488.3
2024-01-22 18:00:00,922.18,353.31,46.5,60.4,3.98,1.71,38.0,53,142.8
2024-01-22 19:00:00,835.25,370.98,56.5,70.2,3.7,1.79,77.8,89,296.7
2024-01-22 20:00:00,859.56,370.46,65.1,59.8,3.24,1.45,30.1,90,402.7
2024-01-22 21:00:00,1099.78,337.87,60.6,78.3,3.09,1.79,50.6,103,381.4
2024-01-22 22:00:00,954.97,405.32,71.4,59.0,2.73,1.28,79.0,129,451.7
2024-01-22 23:00:00,1153.55,422.63,64.6,62.9,3.77,1.67,37.6,109,431.9
2024-01-23 00:00:00,1064.96,473.45,68.8,57.7,2.55,1.78,26.5,115,221.3
2024-01-23 01:00:00,1026.25,598.03,83.8,49.4,2.97,1.36,32.6,56,222.9
2024-01-23 02:00:00,967.71,521.68,57.0,50.3,2.67,1.25,67.4,105,437.4
2024-01-23 03:00:00,1041.84,525.36,47.4,54.0,3.68,1.21,44.0,138,210.6
2024-01-23 04:00:00,913.22,545.51,74.5,48.5,3.57,1.5,31.7,120,132.1
2024-01-23 05:00:00,858.7,374.72,78.6,60.0,2.96,1.4,55.2,86,300.2
2024-01-23 06:00:00,1145.6,541.89,72.6,63.5,2.92,1.68,52.2,101,262.1
2024-01-23 07:00:00,1146.47,305.49,78.1,73.6,3.99,1.31,29.7,97,224.4
2024-01-23 08:00:00,1062.6,383.69,76.1,51.5,3.79,1.27,44.1,89,344.5
2024-01-23 09:00:00,1180.42,427.17,77.1,53.4,2.71,1.63,58.5,114,254.0
2024-01-23 10:00:00,1194.98,360.79,42.8,69.5,2.66,1.47,69.7,129,341.8
2024-01-23 11:00:00,1183.19,324.05,76.3,46.1,2.52,1.38,76.2,64,196.3
2024-01-23 12:00:00,1100.08,448.91,44.5,73.8,3.64,1.53,22.7,145,142.0
2024-01-23 13:00:00,1052.14,416.39,81.7,71.6,3.91,1.61,57.0,146,496.2
2024-01-23 14:00:00,1088.7,377.51,66.2,55.0,3.97,1.48,51.4,96,468.5
2024-01-23 15:00:00,1051.47,323.11,83.1,56.9,3.01,1.3,27.2,110,469.0
2024-01-23 16:00:00,1023.24,502.8,77.7,63.3,2.51,1.28,48.1,147,122.5
2024-01-23 17:00:00,890.68,333.59,58.7,59.9,3.33,1.51,66.8,110,490.4
2024-01-23 18:00:00,861.85,568.13,70.5,75.8,3.38,1.79,35.1,112,410.0
2024-01-23 19:00:00,1014.19,445.55,77.7,46.4,3.82,1.54,26.4,50,172.8
2024-01-23 20:00:00,914.72,304.48,72.5,64.2,3.68,1.48,78.2,54,105.9
2024-01-23 21:00:00,1060.53,500.74,53.2,72.9,2.7,1.73,77.8,70,488.1
2024-01-23 22:00:00,848.62,475.52,75.5,58.5,3.5,1.43,41.1,108,203.8
2024-01-23 23:00:00,1066.55,305.98,76.0,68.9,3.03,1.46,61.4,81,331.2
2024-01-24 00:00:00,1193.02,579.46,71.4,77.9,3.91,1.25,23.3,64,435.5
2024-01-24 01:00:00,1157.86,547.04,57.5,45.2,3.89,1.33,41.8,133,309.1
2024-01-24 02:00:00,903.21,534.53,52.7,52.4,3.62,1.27,52.3,78,331.2
2024-01-24 03:00:00,915.42,556.58,62.7,52.7,2.52,1.75,64.3,126,423.7
2024-01-24 04:00:00,829.84,304.64,78.6,46.6,2.65,1.75,42.6,142,245.9
2024-01-24 05:00:00,1123.02,465.01,57.5,55.2,3.57,1.35,60.1,128,445.0
2024-01-24 06:00:00,893.07,464.99,44.2,56.4,3.73,1.73,36.6,113,268.2
2024-01-24 07:00:00,1107.48,346.64,62.8,73.3,3.68,1.71,27.3,110,198.7
2024-01-24 08:00:00,934.78,523.34,81.1,48.9,3.32,1.25,46.9,113,231.8
2024-01-24 09:00:00,839.39,370.26,56.7,64.7,3.26,1.4,35.6,98,441.6
2024-01-24 10:00:00,1055.8,528.73,76.5,61.2,2.84,1.43,29.2,150,217.1
2024-01-24 11:00:00,1103.35,552.77,56.6,54.8,3.66,1.48,22.2,58,276.6
2024-01-24 12:00:00,810.93,361.07,77.2,61.2,3.04,1.68,65.3,111,312.6
2024-01-24 13:00:00,1056.49,368.96,69.9,47.1,2.65,1.39,78.7,117,106.4
2024-01-24 14:00:00,874.28,432.69,77.0,74.4,3.25,1.39,47.5,73,253.3
2024-01-24 15:00:00,864.8,351.83,51.7,71.3,3.53,1.44,28.9,107,174.4
2024-01-24 16:00:00,1006.48,390.08,42.1,59.6,2.88,1.21,59.2,98,373.3
2024-01-24 17:00:00,857.53,583.68,78.7,69.7,3.91,1.32,52.9,101,290.4
2024-01-24 18:00:00,1076.65,407.44,45.6,76.3,3.15,1.5,48.5,56,262.6
2024-01-24 19:00:00,1068.73,309.06,51.8,77.1,3.28,1.44,60.8,72,123.0
2024-01-24 20:00:00,933.84,411.15,50.6,45.2,3.68,1.61,76.6,127,408.8
2024-01-24 21:00:00,989.71,473.31,73.4,78.5,2.99,1.71,45.7,82,410.6
2024-01-24 22:00:00,925.71,504.54,73.2,59.4,2.59,1.48,55.7,109,299.9
2024-01-24 23:00:00,935.6,376.41,59.6,47.7,3.56,1.22,69.9,117,203.9
2024-01-25 00:00:00,1138.03,443.06,78.7,71.2,2.7,1.64,30.8,140,170.4
2024-01-25 01:00:00,1177.48,344.17,44.6,71.7,3.75,1.7,59.1,112,270.4
2024-01-25 02:00:00,848.28,447.55,59.0,47.0,2.94,1.57,52.6,64,215.6
2024-01-25 03:00:00,1134.86,421.24,64.9,46.1,2.76,1.26,45.5,124,103.1
2024-01-25 04:00:00,1033.81,541.94,48.4,76.4,3.62,1.8,79.0,120,105.6
2024-01-25 05:00:00,1198.75,567.15,48.3,58.9,3.24,1.25,45.3,53,447.3
2024-01-25 06:00:00,980.23,565.06,74.2,77.3,3.71,1.25,75.4,107,454.8
2024-01-25 07:00:00,815.74,402.73,40.5,46.2,3.37,1.33,44.8,108,173.4
2024-01-25 08:00:00,1166.73,413.02,50.1,49.0,3.71,1.3,36.7,106,273.3
2024-01-25 09:00:00,896.67,466.56,64.3,78.5,2.55,1.44,75.8,83,124.3
2024-01-25 10:00:00,1152.39,484.73,67.6,79.5,2.99,1.62,33.1,127,189.9
2024-01-25 11:00:00,984.81,347.4,74.1,51.3,3.79,1.3,54.4,99,188.9
2024-01-25 12:00:00,1060.89,389.54,74.8,73.6,2.59,1.7,63.1,107,258.1
2024-01-25 13:00:00,932.45,351.49,78.8,64.4,2.96,1.79,55.3,83,349.4
2024-01-25 14:00:00,1050.64,412.09,60.4,45.0,3.79,1.46,69.0,103,399.3
2024-01-25 15:00:00,1197.49,526.06,78.1,45.8,2.57,1.21,62.9,63,326.0
2024-01-25 16:00:00,1136.96,351.53,42.1,51.5,2.62,1.42,69.5,88,452.8
2024-01-25 17:00:00,895.28,309.77,51.7,65.0,2.55,1.34,73.9,94,482.8
2024-01-25 18:00:00,898.91,351.99,83.1,53.6,2.6,1.29,42.5,133,422.1
2024-01-25 19:00:00,937.62,592.03,45.1,76.0,2.84,1.4,39.7,141,373.2
2024-01-25 20:00:00,813.36,556.59,66.1,73.5,3.71,1.37,67.0,129,177.5
2024-01-25 21:00:00,1110.31,357.82,47.3,74.7,3.09,1.3,45.6,50,424.7
2024-01-25 22:00:00,810.66,469.3,73.3,80.0,2.85,1.28,78.0,84,401.1
2024-01-25 23:00:00,836.19,563.91,42.6,72.3,3.63,1.44,74.5,128,340.5
2024-01-26 00:00:00,853.56,316.93,46.4,78.8,3.1,1.25,47.6,125,248.7
2024-01-26 01:00:00,864.02,571.92,57.3,65.8,3.8,1.58,54.0,107,236.8
2024-01-26 02:00:00,1194.39,329.34,46.0,58.8,2.61,1.34,48.9,79,389.0
2024-01-26 03:00:00,851.24,427.07,82.8,61.6,2.73,1.71,57.8,101,200.7
2024-01-26 04:00:00,841.15,571.71,71.6,76.2,3.14,1.47,66.0,53,101.8
2024-01-26 05:00:00,1037.24,497.95,79.6,76.6,2.97,1.28,23.7,71,382.1
2024-01-26 06:00:00,825.12,507.32,78.7,57.4,2.98,1.36,63.2,67,140.1
2024-01-26 07:00:00,1055.94,389.85,70.0,46.7,3.78,1.49,55.5,131,155.9
2024-01-26 08:00:00,986.46,592.15,56.8,70.9,3.79,1.29,25.6,119,194.5
2024-01-26 09:00:00,1127.46,488.48,70.4,69.5,3.31,1.27,30.8,50,221.0
2024-01-26 10:00:00,1017.09,447.79,59.4,67.2,3.74,1.32,32.5,80,403.0
2024-01-26 11:00:00,1035.56,595.85,59.3,48.3,3.81,1.77,30.0,109,386.6
2024-01-26 12:00:00,1066.2,588.01,52.4,75.9,3.0,1.5,67.1,144,310.9
2024-01-26 13:00:00,876.84,521.65,47.7,72.1,3.55,1.63,48.7,101,415.4
2024-01-26 14:00:00,807.2,452.37,57.9,49.4,3.38,1.3,38.3,77,444.9
2024-01-26 15:00:00,1055.06,395.66,56.8,72.5,3.09,1.53,30.4,94,103.4
2024-01-26 16:00:00,842.52,355.01,72.8,68.2,3.45,1.3,73.0,88,278.9
2024-01-26 17:00:00,1020.99,356.61,74.2,75.8,3.47,1.25,76.7,70,198.3
2024-01-26 18:00:00,909.41,386.24,65.8,65.8,3.68,1.56,59.3,100,168.1
2024-01-26 19:00:00,1077.45,311.93,58.4,45.0,3.88,1.74,69.7,56,485.1
2024-01-26 20:00:00,944.52,358.26,43.0,74.3,3.47,1.21,33.9,59,120.0
2024-01-26 21:00:00,1104.1,472.48,51.1,71.7,3.31,1.31,29.6,109,137.5
2024-01-26 22:00:00,1179.86,366.66,78.3,69.3,3.13,1.21,51.7,109,294.3
2024-01-26 23:00:00,814.91,419.99,58.0,77.3,3.62,1.7,23.3,105,448.1
2024-01-27 00:00:00,956.37,365.52,63.7,77.9,2.52,1.54,33.7,72,180.0
2024-01-27 01:00:00,969.46,433.41,59.2,50.1,2.83,1.27,79.0,75,414.6
2024-01-27 02:00:00,845.87,492.87,75.7,54.1,3.57,1.78,38.0,75,386.2
2024-01-27 03:00:00,955.64,382.81,76.8,49.1,3.62,1.48,47.8,134,457.9
2024-01-27 04:00:00,1009.34,442.98,58.9,77.2,2.55,1.72,32.5,82,341.8
2024-01-27 05:00:00,872.02,592.4,76.8,75.8,3.71,1.48,71.5,62,304.6
2024-01-27 06:00:00,976.55,599.4,77.6,62.3,3.42,1.31,38.0,73,116.5
2024-01-27 07:00:00,867.48,468.11,60.0,54.3,2.9,1.66,30.1,84,238.1
2024-01-27 08:00:00,1112.36,538.84,62.5,58.6,2.88,1.54,79.8,71,243.6
2024-01-27 09:00:00,917.37,460.82,73.5,58.2,3.64,1.45,54.1,85,375.3
2024-01-27 10:00:00,869.18,454.72,73.0,54.3,3.48,1.79,20.2,93,190.9
2024-01-27 11:00:00,1149.76,487.75,54.1,71.0,2.9,1.25,63.6,80,228.5
2024-01-27 12:00:00,1035.99,304.8,75.9,65.4,2.83,1.52,35.7,104,120.0
2024-01-27 13:00:00,995.49,494.26,58.5,48.3,2.83,1.5,74.4,83,210.3
2024-01-27 14:00:00,982.81,418.85,56.9,64.0,3.18,1.59,71.4,103,202.6
2024-01-27 15:00:00,965.64,440.21,70.6,58.6,2.85,1.53,68.5,150,126.9
2024-01-27 16:00:00,1063.65,564.68,43.9,58.0,3.28,1.57,22.0,57,159.7
2024-01-27 17:00:00,990.15,508.73,66.0,48.8,3.67,1.38,22.5,108,359.9
2024-01-27 18:00:00,1135.05,415.52,53.1,53.3,3.12,1.73,22.0,54,191.2
2024-01-27 19:00:00,899.19,380.1,59.1,62.8,2.82,1.44,58.7,135,184.4
2024-01-27 20:00:00,1126.97,441.3,75.6,76.7,3.32,1.28,64.1,103,264.1
2024-01-27 21:00:00,1143.05,573.37,68.9,72.2,3.42,1.66,47.1,132,302.8
2024-01-27 22:00:00,931.64,450.71,54.8,65.9,3.74,1.43,65.1,123,265.9
2024-01-27 23:00:00,921.87,543.96,71.3,69.3,3.8,1.5,48.9,101,109.6
2024-01-28 00:00:00,1137.53,539.65,68.7,74.7,3.77,1.58,54.3,67,431.4
2024-01-28 01:00:00,1077.79,317.6,69.2,64.6,3.65,1.66,52.7,101,373.1
2024-01-28 02:00:00,977.11,422.14,49.3,74.4,3.64,1.44,29.8,136,458.5
2024-01-28 03:00:00,805.93,357.5,76.4,65.3,3.65,1.51,56.9,136,498.1
2024-01-28 04:00:00,1126.56,579.15,62.1,64.7,3.13,1.39,73.0,76,409.0
2024-01-28 05:00:00,893.35,327.13,73.2,77.3,3.3,1.69,38.5,83,168.6
2024-01-28 06:00:00,1034.92,347.32,49.3,69.3,3.3,1.77,34.1,61,369.8
2024-01-28 07:00:00,894.96,398.05,70.9,67.4,3.54,1.27,41.5,122,344.2
2024-01-28 08:00:00,967.42,308.04,57.1,51.3,3.43,1.69,46.4,50,247.1
2024-01-28 09:00:00,1198.49,459.15,83.1,54.5,3.34,1.51,66.5,134,414.5
2024-01-28 10:00:00,1124.69,509.21,75.2,69.3,3.73,1.25,63.5,64,265.7
2024-01-28 11:00:00,1000.8,578.23,57.4,58.2,3.46,1.6,60.7,93,453.2
2024-01-28 12:00:00,1011.08,559.11,74.1,77.2,2.65,1.59,35.2,148,332.4
2024-01-28 13:00:00,1089.09,342.58,78.2,62.9,2.99,1.32,46.9,55,145.8
2024-01-28 14:00:00,821.76,479.72,47.0,67.1,2.56,1.73,32.2,115,351.6
2024-01-28 15:00:00,812.58,492.19,79.0,75.1,3.18,1.44,51.7,126,478.3
2024-01-28 16:00:00,1020.11,495.38,74.7,74.2,3.76,1.4,76.8,134,440.3
2024-01-28 17:00:00,983.06,454.9,69.7,78.8,3.93,1.31,58.8,130,210.2
2024-01-28 18:00:00,830.1,461.95,59.0,65.7,2.67,1.56,73.7,64,168.6
2024-01-28 19:00:00,988.9,417.57,40.7,46.2,2.7,1.21,57.5,108,122.7
2024-01-28 20:00:00,1102.96,352.57,81.5,51.8,3.85,1.36,36.2,91,421.2
2024-01-28 21:00:00,952.59,495.29,68.9,56.7,3.28,1.69,49.1,50,132.5
2024-01-28 22:00:00,804.38,523.91,76.5,77.6,2.71,1.3,72.6,77,263.1
2024-01-28 23:00:00,807.43,327.01,81.7,78.5,3.19,1.35,31.0,84,328.0
2024-01-29 00:00:00,962.03,544.91,71.7,53.7,3.07,1.66,20.0,146,217.5
2024-01-29 01:00:00,950.17,339.89,74.4,69.1,2.56,1.41,61.9,104,202.3
2024-01-29 02:00:00,1101.56,509.97,76.7,72.6,3.67,1.37,21.0,81,449.5
2024-01-29 03:00:00,1130.83,381.59,79.5,62.9,2.72,1.41,63.0,107,499.2
2024-01-29 04:00:00,899.51,410.83,82.3,59.0,2.73,1.32,27.6,104,115.4
2024-01-29 05:00:00,961.29,439.08,74.9,79.0,3.11,1.55,27.8,124,224.2
2024-01-29 06:00:00,1126.64,590.34,78.5,68.3,2.76,1.65,77.1,73,341.9
2024-01-29 07:00:00,954.78,349.74,58.5,66.7,2.52,1.45,24.4,108,479.5
2024-01-29 08:00:00,1027.68,422.45,48.5,57.1,3.42,1.55,73.4,126,362.9
2024-01-29 09:00:00,861.73,574.44,67.1,78.3,3.32,1.33,65.1,144,291.0
2024-01-29 10:00:00,1189.02,466.79,60.9,62.3,3.42,1.42,66.9,51,220.4
2024-01-29 11:00:00,898.82,457.56,42.2,78.2,3.71,1.74,68.8,62,230.9
2024-01-29 12:00:00,1041.25,523.81,83.9,66.0,2.73,1.28,20.6,50,458.7
2024-01-29 13:00:00,915.84,314.9,84.0,69.4,3.89,1.29,57.0,145,477.6
2024-01-29 14:00:00,1182.63,391.49,69.3,52.9,2.55,1.37,76.1,59,187.1
2024-01-29 15:00:00,847.28,361.24,76.5,62.3,2.73,1.58,52.6,66,113.3
2024-01-29 16:00:00,1045.16,430.43,54.7,68.5,2.95,1.65,60.0,139,154.2
2024-01-29 17:00:00,1163.44,398.85,83.6,67.7,2.58,1.31,40.2,79,112.4
2024-01-29 18:00:00,1173.0,598.0,59.3,78.0,2.65,1.77,53.5,129,260.3
2024-01-29 19:00:00,1166.15,470.52,84.0,72.2,3.88,1.79,22.0,97,260.9
2024-01-29 20:00:00,852.68,301.29,61.3,57.8,3.44,1.2,56.9,102,140.2
2024-01-29 21:00:00,1010.48,471.56,84.0,50.4,3.65,1.75,58.5,148,216.2
2024-01-29 22:00:00,1138.65,392.89,75.8,55.8,2.89,1.63,39.1,59,362.7
2024-01-29 23:00:00,992.86,485.6,78.3,48.4,2.58,1.49,31.8,71,129.3
2024-01-30 00:00:00,1196.23,404.88,50.2,48.0,3.36,1.6,78.0,68,378.0
2024-01-30 01:00:00,1133.33,523.26,66.3,70.3,3.39,1.51,31.6,108,116.1
2024-01-30 02:00:00,919.31,355.15,53.2,79.9,2.91,1.47,53.0,50,411.9
2024-01-30 03:00:00,997.35,307.7,73.7,63.7,3.8,1.66,38.9,58,469.2
2024-01-30 04:00:00,1153.94,507.55,61.2,56.2,3.67,1.56,67.2,130,113.6
2024-01-30 05:00:00,1167.57,467.21,75.2,57.5,3.22,1.34,59.4,118,337.2
2024-01-30 06:00:00,831.38,405.5,48.7,54.0,3.41,1.24,67.7,115,100.6
2024-01-30 07:00:00,938.53,522.6,72.8,73.3,2.98,1.7,35.6,141,420.3
2024-01-30 08:00:00,956.96,409.72,67.1,49.1,3.1,1.59,69.3,50,120.2
2024-01-30 09:00:00,804.52,373.75,77.3,45.4,2.97,1.74,27.0,85,493.9
2024-01-30 10:00:00,1197.78,374.59,81.5,69.9,2.72,1.25,52.4,137,183.6
2024-01-30 11:00:00,953.05,530.68,74.5,70.8,2.56,1.51,74.9,119,321.9
2024-01-30 12:00:00,1073.8,383.61,83.7,71.0,3.49,1.52,20.7,100,228.7
2024-01-30 13:00:00,1043.23,401.38,83.7,58.4,3.54,1.63,32.4,76,388.9
2024-01-30 14:00:00,937.02,425.26,49.0,77.6,3.41,1.48,35.8,52,301.3
2024-01-30 15:00:00,1002.89,316.03,74.6,60.1,2.56,1.63,56.3,111,497.0
2024-01-30 16:00:00,817.02,350.46,84.1,70.0,3.4,1.57,52.5,142,428.9
2024-01-30 17:00:00,1051.68,593.72,79.0,47.8,2.8,1.71,28.7,99,251.4
2024-01-30 18:00:00,838.5,461.13,64.9,64.6,3.01,1.68,34.5,134,147.7
2024-01-30 19:00:00,1037.6,420.98,53.3,60.9,3.53,1.79,28.8,90,190.4
2024-01-30 20:00:00,1161.99,503.44,61.4,78.3,3.05,1.37,48.8,139,483.4
2024-01-30 21:00:00,822.68,459.55,80.1,72.0,3.88,1.74,24.8,146,125.4
2024-01-30 22:00:00,956.16,322.03,67.8,56.9,2.87,1.36,72.6,112,421.6
2024-01-30 23:00:00,1199.12,339.68,58.3,53.7,3.55,1.55,75.4,96,192.8
